{
	"id": "b530d757-280b-b35e-2b51-6a0bf54e871a",
	"name": "DigitalHome",
	"description": "",
	"order": [
		"233c50e3-af1a-55b4-11e0-9f9cc47176c3",
		"6d270edc-502d-7c96-92a8-22db721473a7",
		"d149acb4-d3bd-1071-95c4-54aef6d77538",
		"9be8993e-6fc4-01b8-1b85-153b3c17d8de",
		"79e83ed6-5a51-80a7-bcf0-1da7a73548ef",
		"857f7726-df19-6a9a-7072-6f5b56edf1e0",
		"d1034cc9-a714-6f4e-1435-40377e99bd89"
	],
	"folders": [],
	"folders_order": [],
	"timestamp": 1592810724037,
	"owner": "1040599",
	"public": false,
	"requests": [
		{
			"id": "233c50e3-af1a-55b4-11e0-9f9cc47176c3",
			"headers": "Content-Type: application/json\n",
			"headerData": [
				{
					"key": "Content-Type",
					"value": "application/json",
					"description": "",
					"enabled": true
				}
			],
			"url": "http://localhost:8090/projects/createProject",
			"queryParams": [],
			"pathVariables": {},
			"pathVariableData": [],
			"preRequestScript": null,
			"method": "POST",
			"collectionId": "b530d757-280b-b35e-2b51-6a0bf54e871a",
			"data": [],
			"dataMode": "raw",
			"name": "createProject",
			"description": "Creatng a new Master project ",
			"descriptionFormat": "html",
			"time": 1578907799333,
			"version": 2,
			"responses": [],
			"tests": null,
			"currentHelper": "normal",
			"helperAttributes": {},
			"isFromCollection": true,
			"collectionRequestId": "a80eae3f-ba31-6254-02f5-b450ef135194",
			"rawModeData": "{\n\t\"projectName\":\"Project one\",\n\t\"projectTypeId\":1,\n\t\"projectStartDate\":\"2019-12-20\",\n\t\"projectEndDate\":\"2020-12-21\",\n\t\"projectArea\":1100,\n\t\"projectBudget\":1500000,\n\t\"numberOfStories\":2,\n\t\"clientName\":\"Sivasubramaniam\",\n\t\"clientContact\":\"9900000001\",\n\t\"clientCity\":\"Theni\",\n\t\"clientAddress\":\"NRT Nagar\",\n\t\"clientState\":\"TN\"\n}"
		},
		{
			"id": "6d270edc-502d-7c96-92a8-22db721473a7",
			"headers": "",
			"headerData": [],
			"url": "",
			"queryParams": [],
			"pathVariables": {},
			"pathVariableData": [],
			"preRequestScript": null,
			"method": "GET",
			"collectionId": "b530d757-280b-b35e-2b51-6a0bf54e871a",
			"data": null,
			"dataMode": "params",
			"name": "FindProject",
			"description": "To find a project using project ID ",
			"descriptionFormat": "html",
			"time": 1578907848273,
			"version": 2,
			"responses": [],
			"tests": null,
			"currentHelper": "normal",
			"helperAttributes": {}
		},
		{
			"id": "79e83ed6-5a51-80a7-bcf0-1da7a73548ef",
			"headers": "Content-Type: application/json\n",
			"headerData": [
				{
					"key": "Content-Type",
					"value": "application/json",
					"description": "",
					"enabled": true
				}
			],
			"url": "http://localhost:8090/projects/addMaterial",
			"queryParams": [],
			"preRequestScript": null,
			"pathVariables": {},
			"pathVariableData": [],
			"method": "POST",
			"data": [],
			"dataMode": "raw",
			"tests": null,
			"currentHelper": "normal",
			"helperAttributes": {},
			"time": 1580898616108,
			"name": "createMaterialMaster",
			"description": "To create master material for project ",
			"collectionId": "b530d757-280b-b35e-2b51-6a0bf54e871a",
			"responses": [],
			"isFromCollection": true,
			"collectionRequestId": "21223e2e-14a2-ea41-7eb1-45dfbf5a01f0",
			"rawModeData": "\t[\n\t\t{\n\t\t\t\"materialTypeId\" : 2,\n\t\t\t\"materialUnits\" : 30, \n\t\t\t\"materialUnitCost\" : 300,\n\t\t\t\"projectId\" : 3\n\t\t},\n\t\t{\n\t\t\t\"materialTypeId\" : 3,\n\t\t\t\"materialUnits\" : 40, \n\t\t\t\"materialUnitCost\" : 500,\n\t\t\t\"projectId\" : 3\n\t\t},\n\t\t{\n\t\t\t\"materialTypeId\" : 4,\n\t\t\t\"materialUnits\" : 50, \n\t\t\t\"materialUnitCost\" : 400,\n\t\t\t\"projectId\" : 3\n\t\t}\n\t]"
		},
		{
			"id": "857f7726-df19-6a9a-7072-6f5b56edf1e0",
			"headers": "Content-Type: application/json\n",
			"headerData": [
				{
					"key": "Content-Type",
					"value": "application/json",
					"description": "",
					"enabled": true
				}
			],
			"url": "http://localhost:8090/projects/addLabour",
			"queryParams": [],
			"pathVariables": {},
			"pathVariableData": [],
			"preRequestScript": null,
			"method": "POST",
			"collectionId": "b530d757-280b-b35e-2b51-6a0bf54e871a",
			"data": [],
			"dataMode": "raw",
			"name": "addLabour",
			"description": "Adding labour into projects ",
			"descriptionFormat": "html",
			"time": 1580902720729,
			"version": 2,
			"responses": [],
			"tests": null,
			"currentHelper": "normal",
			"helperAttributes": {},
			"isFromCollection": true,
			"collectionRequestId": "d33c37c1-0560-4310-5acf-11433664bcfc",
			"rawModeData": "\t[\n\t\t{\n\t\t\t\"labourTypeId\" : 2,\n\t\t\t\"totalLabourNumber\" : 22, \n\t\t\t\"totalLabourWage\" : 200,\n\t\t\t\"projectId\" : 3\n\t\t},\n\t\t{\n\t\t\t\"labourTypeId\" : 3,\n\t\t\t\"totalLabourNumber\" : 33, \n\t\t\t\"totalLabourWage\" : 300,\n\t\t\t\"projectId\" : 3\n\t\t},\n\t\t{\n\t\t\t\"labourTypeId\" : 4,\n\t\t\t\"totalLabourNumber\" : 44, \n\t\t\t\"totalLabourWage\" : 400,\n\t\t\t\"projectId\" : 3\n\t\t}\n\t]"
		},
		{
			"id": "9be8993e-6fc4-01b8-1b85-153b3c17d8de",
			"headers": "Content-Type: application/json\n",
			"headerData": [
				{
					"key": "Content-Type",
					"value": "application/json",
					"description": "",
					"enabled": true
				}
			],
			"url": "http://localhost:8090/projects/addLabour",
			"queryParams": [],
			"pathVariables": {},
			"pathVariableData": [],
			"preRequestScript": null,
			"method": "POST",
			"collectionId": "b530d757-280b-b35e-2b51-6a0bf54e871a",
			"data": [],
			"dataMode": "raw",
			"name": "Create Labour Master",
			"description": "To create Labour details for the new project ",
			"descriptionFormat": "html",
			"time": 1578912581795,
			"version": 2,
			"responses": [],
			"tests": null,
			"currentHelper": "normal",
			"helperAttributes": {},
			"isFromCollection": true,
			"collectionRequestId": "e53a32ff-848b-a88e-b8c2-fe4b8f3f3c94",
			"rawModeData": "{\n\t\"projectId\" : 2,\n\t\"labourTypeId\" : \"1\", \n\t\"totalLabourNumber\" : 100,\n\t\"totalLabourWage\" : 10000\n}"
		},
		{
			"id": "d1034cc9-a714-6f4e-1435-40377e99bd89",
			"headers": "Content-Type: application/json\n",
			"headerData": [
				{
					"key": "Content-Type",
					"value": "application/json",
					"description": "",
					"enabled": true
				}
			],
			"url": "http://localhost:8090/projects/createProject",
			"queryParams": [],
			"pathVariables": {},
			"pathVariableData": [],
			"preRequestScript": null,
			"method": "POST",
			"collectionId": "b530d757-280b-b35e-2b51-6a0bf54e871a",
			"data": [],
			"dataMode": "raw",
			"name": "CreateProject",
			"description": "",
			"descriptionFormat": "html",
			"time": 1580904684877,
			"version": 2,
			"responses": [],
			"tests": null,
			"currentHelper": "normal",
			"helperAttributes": {},
			"isFromCollection": true,
			"collectionRequestId": "62e4c264-33aa-b00e-131d-f443078e607a",
			"rawModeData": "{\n\t\"project_name\" : \"Project one\",\n\t\"project_type_id\" : \"1\",\n\t\"project_start_date\" : \"30-Dec-2019\",\n\t\"project_end_date\" : \"30-Dec-2020\",\n\t\"project_area\" : 1200,\n\t\"project_budget\" : 2500000,\n\t\"number_of_stories\" : 3,\n\t\"client_name\" : \"client one\",\n\t\"client_contact\" : \"9900000000\",\n\t\"client_city\" : \"Theni\",\n\t\"client_address\" : \"Arasu Nagar\",\n\t\"client_state\" : \"TN\"\n}"
		},
		{
			"id": "d149acb4-d3bd-1071-95c4-54aef6d77538",
			"headers": "Content-Type: application/json\n",
			"headerData": [
				{
					"key": "Content-Type",
					"value": "application/json",
					"description": "",
					"enabled": true
				}
			],
			"url": "http://localhost:8090/projects/addLabour",
			"queryParams": [],
			"preRequestScript": null,
			"pathVariables": {},
			"pathVariableData": [],
			"method": "POST",
			"data": [],
			"dataMode": "raw",
			"version": 2,
			"tests": null,
			"currentHelper": "normal",
			"helperAttributes": {},
			"time": 1578912534253,
			"name": "Find All Projects ",
			"description": "To load all the projects specific to the user",
			"collectionId": "b530d757-280b-b35e-2b51-6a0bf54e871a",
			"responses": [],
			"rawModeData": "{\n\t\"projectId\" : 2,\n\t\"labourTypeId\" : \"1\", \n\t\"totalLabourNumber\" : 100,\n\t\"totalLabourWage\" : 10000\n}"
		}
	]
}